{
  "username": "hikaru",
  "total_games": 10,
  "download_date": "20260117_110006",
  "games": [
    {
      "white": "Hikaru",
      "black": "anasta10",
      "result": "1-0",
      "date": "2026.01.01",
      "time_control": "180",
      "moves": 77
    },
    {
      "white": "Germanovs_Georgijs",
      "black": "Hikaru",
      "result": "0-1",
      "date": "2026.01.01",
      "time_control": "180",
      "moves": 86
    },
    {
      "white": "Hikaru",
      "black": "Sam_ChessMood",
      "result": "1-0",
      "date": "2026.01.01",
      "time_control": "180",
      "moves": 55
    },
    {
      "white": "lachesisQ",
      "black": "Hikaru",
      "result": "1/2-1/2",
      "date": "2026.01.01",
      "time_control": "180",
      "moves": 47
    },
    {
      "white": "Hikaru",
      "black": "vi_pranav",
      "result": "1-0",
      "date": "2026.01.01",
      "time_control": "180",
      "moves": 93
    },
    {
      "white": "Hikaru",
      "black": "MITerryble",
      "result": "1/2-1/2",
      "date": "2026.01.01",
      "time_control": "180",
      "moves": 72
    },
    {
      "white": "Zhuu96",
      "black": "Hikaru",
      "result": "0-1",
      "date": "2026.01.01",
      "time_control": "180",
      "moves": 110
    },
    {
      "white": "Hikaru",
      "black": "artin10862",
      "result": "0-1",
      "date": "2026.01.01",
      "time_control": "180",
      "moves": 78
    },
    {
      "white": "Hikaru",
      "black": "hansen",
      "result": "0-1",
      "date": "2026.01.01",
      "time_control": "180",
      "moves": 84
    },
    {
      "white": "FGHSMN",
      "black": "Hikaru",
      "result": "0-1",
      "date": "2026.01.01",
      "time_control": "180",
      "moves": 90
    }
  ]
}